{
  "mode": "ollama",
  "model_name": "Qwen/Qwen3.5-27B",
  "device": "cpu",
  "top_k": 5,
  "batch_size": 64,
  "warmup_batches": 0,
  "ollama_max_concurrency": 32,
  "requested_duration_sec": 0.01,
  "wall_time_sec": 40.22815854700002,
  "texts": 10,
  "completed_batches": 1,
  "completed_items": 64,
  "items_per_sec": 1.5909254191992526,
  "batches_per_sec": 0.02485820967498832,
  "avg_batch_latency_ms": 40228.130884000166,
  "p95_batch_latency_ms": 40228.130884000166,
  "p99_batch_latency_ms": 40228.130884000166,
  "max_batch_latency_ms": 40228.130884000166,
  "avg_item_latency_ms": 628.5645450625026,
  "runtime": {
    "torch_version": null,
    "cuda_available": false,
    "cuda_device_count": 0,
    "cuda_devices": []
  }
}
