{
  "mode": "ollama",
  "model_name": "Qwen/Qwen3.5-27B",
  "device": "cpu",
  "top_k": 5,
  "batch_size": 64,
  "warmup_batches": 0,
  "requested_duration_sec": 0.01,
  "wall_time_sec": 45.203147390000595,
  "texts": 10,
  "completed_batches": 1,
  "completed_items": 64,
  "items_per_sec": 1.4158306156831342,
  "batches_per_sec": 0.02212235337004897,
  "avg_batch_latency_ms": 45203.119735000655,
  "p95_batch_latency_ms": 45203.119735000655,
  "p99_batch_latency_ms": 45203.119735000655,
  "max_batch_latency_ms": 45203.119735000655,
  "avg_item_latency_ms": 706.2987458593852,
  "runtime": {
    "torch_version": null,
    "cuda_available": false,
    "cuda_device_count": 0,
    "cuda_devices": []
  }
}
