{
  "mode": "ollama",
  "model_name": "Qwen/Qwen3.5-27B",
  "device": "cpu",
  "top_k": 5,
  "batch_size": 256,
  "warmup_batches": 0,
  "ollama_max_concurrency": 16,
  "requested_duration_sec": 0.01,
  "wall_time_sec": 162.00979200800066,
  "texts": 10,
  "completed_batches": 1,
  "completed_items": 256,
  "items_per_sec": 1.5801514021285685,
  "batches_per_sec": 0.006172466414564721,
  "avg_batch_latency_ms": 162009.75599400044,
  "p95_batch_latency_ms": 162009.75599400044,
  "p99_batch_latency_ms": 162009.75599400044,
  "max_batch_latency_ms": 162009.75599400044,
  "avg_item_latency_ms": 632.8506093515642,
  "runtime": {
    "torch_version": null,
    "cuda_available": false,
    "cuda_device_count": 0,
    "cuda_devices": []
  }
}
