{
  "mode": "ollama",
  "model_name": "Qwen/Qwen3.5-27B",
  "device": "cpu",
  "top_k": 5,
  "batch_size": 128,
  "warmup_batches": 0,
  "requested_duration_sec": 0.01,
  "wall_time_sec": 90.37925473799987,
  "texts": 10,
  "completed_batches": 1,
  "completed_items": 128,
  "items_per_sec": 1.4162542097858495,
  "batches_per_sec": 0.011064486013951949,
  "avg_batch_latency_ms": 90379.22357699972,
  "p95_batch_latency_ms": 90379.22357699972,
  "p99_batch_latency_ms": 90379.22357699972,
  "max_batch_latency_ms": 90379.22357699972,
  "avg_item_latency_ms": 706.0876841953103,
  "runtime": {
    "torch_version": null,
    "cuda_available": false,
    "cuda_device_count": 0,
    "cuda_devices": []
  }
}
